kernel,parameter,pipelineWidth,robSize,branchPredictor,l1Size,l1Associativity,l1ReplacementPolicy,l1Prefetcher,l2Size,l2Associativity,l2ReplacementPolicy,l2Prefetcher,ipc,cpi,simSeconds,numInstructions,numCycles,branchLookups,branchMispredicted,branchMispredictionRate,l1iAccesses,l1iMisses,l1iHitRate,l1iAvgMissLatency,l1iAMATCycles,icacheStallCycles,l1dAccesses,l1dHits,l1dMisses,l1dHitRate,l1dAMATCycles,l2Accesses,l2Misses,l2HitRate,l2AvgMissLatency,l2AMATCycles,l2MPKI,dramReadAccesses,dramWriteAccesses,memAvgLat,commitSquashedInsts,memOrderViolations,dispatchRenameStalls,dispatchIssueStalls,iqFullEvents,dramTotalEnergy,dramAveragePower
compute,baseline,4,192,tournament,32KiB,4,None,None,256KiB,8,None,None,2.285297,0.43758,0.004596,33613812.0,14682751.0,1048734.0,3.0,2.8605919136787783e-06,4195018.0,2.0,0.9999995232440004,74337.5,1.0000201824163786,100.0,21686535.0,21686535.0,0.0,1.0,1.0,2.0,1.0,0.5,141476.0,42.3328,2.97496755202891e-05,3.0,0.0,20208.0,3685.0,191.0,340.0,340.0,0.0,2140461555.0,465.753
compute,l1a_2,4,192,tournament,32KiB,2,None,None,256KiB,8,None,None,2.285297,0.43758,0.004596,33613812.0,14682750.0,1048734.0,3.0,2.8605919136787783e-06,4195018.0,2.0,0.9999995232440004,74337.5,1.0000201824163786,100.0,21643803.0,21643803.0,0.0,1.0,1.0,2.0,1.0,0.5,141476.0,42.3328,2.97496755202891e-05,3.0,0.0,20208.0,3678.0,191.0,340.0,340.0,0.0,2140465875.0,465.753971
compute,l1a_8,4,192,tournament,32KiB,8,None,None,256KiB,8,None,None,2.285297,0.43758,0.004596,33613812.0,14682750.0,1048734.0,3.0,2.8605919136787783e-06,4195018.0,2.0,0.9999995232440004,74337.5,1.0000201824163786,100.0,21643805.0,21643805.0,0.0,1.0,1.0,2.0,1.0,0.5,141476.0,42.3328,2.97496755202891e-05,3.0,0.0,20208.0,3678.0,191.0,340.0,340.0,0.0,2140462995.0,465.753345
compute,l1p_stride,4,192,tournament,32KiB,4,None,stride,256KiB,8,None,None,2.285297,0.43758,0.004596,33613812.0,14682751.0,1048734.0,3.0,2.8605919136787783e-06,4195018.0,2.0,0.9999995232440004,74337.5,1.0000201824163786,100.0,21686535.0,21686535.0,0.0,1.0,1.0,2.0,1.0,0.5,141476.0,42.3328,2.97496755202891e-05,3.0,0.0,20208.0,3685.0,191.0,340.0,340.0,0.0,2140461555.0,465.753
compute,l1p_tagged,4,192,tournament,32KiB,4,None,tagged,256KiB,8,None,None,2.285317,0.437576,0.004596,33613812.0,14682618.0,1048735.0,3.0,2.8605891860193472e-06,4195018.0,1.0,0.9999997616220002,102664.0,,90.0,21686535.0,21686535.0,0.0,1.0,,,,,,,,3.0,0.0,18750.0,3685.0,191.0,340.0,340.0,0.0,2138982765.0,465.435439
compute,l1rp_lru,4,192,tournament,32KiB,4,lru,None,256KiB,8,None,None,2.285297,0.43758,0.004596,33613812.0,14682750.0,1048734.0,3.0,2.8605919136787783e-06,4195018.0,2.0,0.9999995232440004,74337.5,1.0000201824163786,100.0,21643805.0,21643805.0,0.0,1.0,1.0,2.0,1.0,0.5,141476.0,42.3328,2.97496755202891e-05,3.0,0.0,20208.0,3678.0,191.0,340.0,340.0,0.0,2140463955.0,465.753553
compute,l1rp_plru,4,192,tournament,32KiB,4,plru,None,256KiB,8,None,None,2.285297,0.43758,0.004596,33613812.0,14682751.0,1048734.0,3.0,2.8605919136787783e-06,4195018.0,2.0,0.9999995232440004,74337.5,1.0000201824163786,100.0,21686535.0,21686535.0,0.0,1.0,1.0,2.0,1.0,0.5,141476.0,42.3328,2.97496755202891e-05,3.0,0.0,20208.0,3685.0,191.0,340.0,340.0,0.0,2140461555.0,465.753
compute,l1rp_random,4,192,tournament,32KiB,4,random,None,256KiB,8,None,None,2.285297,0.43758,0.004596,33613812.0,14682751.0,1048733.0,3.0,2.8605946413434114e-06,4195017.0,3.0,0.9999992848658301,49558.333333,1.0000225662017574,102.0,21686530.0,21686530.0,0.0,1.0,1.0,3.0,1.0,0.6666666666666667,141476.0,31.555199999999996,2.97496755202891e-05,3.0,0.0,20208.0,3682.0,191.0,340.0,340.0,0.0,2140466805.0,465.754142
compute,l1s_16KiB,4,192,tournament,16KiB,4,None,None,256KiB,8,None,None,2.285297,0.43758,0.004596,33613812.0,14682752.0,1048734.0,3.0,2.8605919136787783e-06,4195018.0,2.0,0.9999995232440004,74337.5,1.0000201824163786,100.0,21572379.0,21572379.0,0.0,1.0,1.0,2.0,1.0,0.5,141476.0,42.3328,2.97496755202891e-05,3.0,0.0,20208.0,3684.0,190.0,341.0,341.0,0.0,2140620705.0,465.787598
compute,l1s_64KiB,4,192,tournament,64KiB,4,None,None,256KiB,8,None,None,2.285297,0.43758,0.004596,33613812.0,14682750.0,1048735.0,3.0,2.8605891860193472e-06,4195018.0,1.0,0.9999997616220002,144293.0,1.0000177986363807,97.0,21643805.0,21643805.0,0.0,1.0,1.0,1.0,1.0,0.0,141476.0,74.6656,2.97496755202891e-05,3.0,0.0,20208.0,3678.0,191.0,340.0,340.0,0.0,2140450035.0,465.750525
compute,l2a_16,4,192,tournament,32KiB,4,None,None,256KiB,16,None,None,2.285297,0.43758,0.004596,33613812.0,14682751.0,1048734.0,3.0,2.8605919136787783e-06,4195018.0,2.0,0.9999995232440004,74337.5,1.0000201824163786,100.0,21686535.0,21686535.0,0.0,1.0,1.0,2.0,1.0,0.5,141476.0,42.3328,2.97496755202891e-05,3.0,0.0,20208.0,3685.0,191.0,340.0,340.0,0.0,2140461555.0,465.753
compute,l2a_32,4,192,tournament,32KiB,4,None,None,256KiB,32,None,None,2.285297,0.43758,0.004596,33613812.0,14682751.0,1048734.0,3.0,2.8605919136787783e-06,4195018.0,2.0,0.9999995232440004,74337.5,1.0000201824163786,100.0,21686535.0,21686535.0,0.0,1.0,1.0,2.0,1.0,0.5,141476.0,42.3328,2.97496755202891e-05,3.0,0.0,20208.0,3685.0,191.0,340.0,340.0,0.0,2140461555.0,465.753
compute,l2p_ampm,4,192,tournament,32KiB,4,None,None,256KiB,8,None,ampm,2.285332,0.437573,0.004596,33613812.0,14682522.0,1048734.0,3.0,2.8605919136787783e-06,4195017.0,1.0,0.9999997616219434,97656.0,,78.0,21686528.0,21686528.0,0.0,1.0,,1.0,,,,,,0.0,0.0,,3682.0,191.0,340.0,340.0,0.0,2140605300.0,465.791542
compute,l2p_signature,4,192,tournament,32KiB,4,None,None,256KiB,8,None,signature,2.285322,0.437575,0.004596,33613812.0,14682589.0,1048733.0,3.0,2.8605946413434114e-06,4195015.0,3.0,0.9999992848654892,35786.333333,1.0000364661389762,99.0,21686529.0,21686529.0,0.0,1.0,1.0,2.0,1.0,0.5,98595.0,50.992,2.97496755202891e-05,1.0,0.0,25620.0,3660.0,191.0,337.0,337.0,0.0,2139430170.0,465.533712
compute,l2p_stride,4,192,tournament,32KiB,4,None,None,256KiB,8,None,stride,2.285297,0.43758,0.004596,33613812.0,14682751.0,1048734.0,3.0,2.8605919136787783e-06,4195018.0,2.0,0.9999995232440004,74337.5,1.0000201824163786,100.0,21686535.0,21686535.0,0.0,1.0,1.0,2.0,1.0,0.5,141476.0,42.3328,2.97496755202891e-05,3.0,0.0,20208.0,3685.0,191.0,340.0,340.0,0.0,2140461555.0,465.753
compute,l2p_tagged,4,192,tournament,32KiB,4,None,None,256KiB,8,None,tagged,2.285322,0.437575,0.004596,33613812.0,14682589.0,1048733.0,3.0,2.8605946413434114e-06,4195015.0,3.0,0.9999992848654892,35786.333333,1.0000364661389762,99.0,21686529.0,21686529.0,0.0,1.0,1.0,2.0,1.0,0.5,98595.0,50.992,2.97496755202891e-05,1.0,0.0,25620.0,3660.0,191.0,337.0,337.0,0.0,2142338835.0,466.166629
compute,l2s_1MB,4,192,tournament,32KiB,4,None,None,1MB,8,None,None,2.285297,0.43758,0.004596,33613812.0,14682751.0,1048734.0,3.0,2.8605919136787783e-06,4195018.0,2.0,0.9999995232440004,74337.5,1.0000201824163786,100.0,21686535.0,21686535.0,0.0,1.0,1.0,2.0,1.0,0.5,141476.0,42.3328,2.97496755202891e-05,3.0,0.0,20208.0,3685.0,191.0,340.0,340.0,0.0,2140461555.0,465.753
compute,l2s_4MB,4,192,tournament,32KiB,4,None,None,4MB,8,None,None,2.285297,0.43758,0.004596,33613812.0,14682751.0,1048734.0,3.0,2.8605919136787783e-06,4195018.0,2.0,0.9999995232440004,74337.5,1.0000201824163786,100.0,21686535.0,21686535.0,0.0,1.0,1.0,2.0,1.0,0.5,141476.0,42.3328,2.97496755202891e-05,3.0,0.0,20208.0,3685.0,191.0,340.0,340.0,0.0,2140461555.0,465.753
compute,pred_bimodal,4,192,bimodal,32KiB,4,None,None,256KiB,8,None,None,2.285274,0.437584,0.004596,33613812.0,14682899.0,1048804.0,11.0,1.0488136963627141e-05,4195067.0,3.0,0.9999992848743536,49871.333333,1.0000302732709625,110.0,21712391.0,21712391.0,0.0,1.0,1.0,2.0,1.0,0.5,141476.0,42.3328,2.97496755202891e-05,3.0,0.0,20208.0,3954.0,191.0,370.0,370.0,0.0,2141198085.0,465.908568
compute,pred_local,4,192,local,32KiB,4,None,None,256KiB,8,None,None,2.285296,0.43758,0.004596,33613812.0,14682754.0,1048745.0,3.0,2.8605619097111307e-06,4195019.0,3.0,0.9999992848661711,49871.333333,1.0000302736173534,102.0,21712371.0,21712371.0,0.0,1.0,1.0,2.0,1.0,0.5,141476.0,42.3328,2.97496755202891e-05,3.0,0.0,20208.0,3682.0,191.0,341.0,341.0,0.0,2140257345.0,465.708469
compute,pred_none,4,192,none,32KiB,4,None,None,256KiB,8,None,None,2.285297,0.43758,0.004596,33613812.0,14682751.0,1048734.0,3.0,2.8605919136787783e-06,4195018.0,2.0,0.9999995232440004,74337.5,1.0000201824163786,100.0,21686535.0,21686535.0,0.0,1.0,1.0,2.0,1.0,0.5,141476.0,42.3328,2.97496755202891e-05,3.0,0.0,20208.0,3685.0,191.0,340.0,340.0,0.0,2140461555.0,465.753
compute,pred_perceptron,4,192,perceptron,32KiB,4,None,None,256KiB,8,None,None,2.285298,0.43758,0.004596,33613812.0,14682743.0,1048744.0,3.0,2.8605646373185447e-06,4195015.0,3.0,0.9999992848654892,49871.333333,1.00003027364622,103.0,21611478.0,21611478.0,0.0,1.0,1.0,2.0,1.0,0.5,141476.0,42.3328,2.97496755202891e-05,3.0,0.0,20208.0,3668.0,189.0,340.0,340.0,0.0,2140500615.0,465.761753
compute,pred_tage,4,192,tage,32KiB,4,None,None,256KiB,8,None,None,2.285301,0.437579,0.004596,33613812.0,14682726.0,1048728.0,2.0,1.9070721864964033e-06,4195011.0,3.0,0.9999992848648073,48097.666667,1.0000302736750868,105.0,21683695.0,21683695.0,0.0,1.0,1.0,2.0,1.0,0.5,141476.0,42.3328,2.97496755202891e-05,3.0,0.0,20208.0,3647.0,190.0,336.0,336.0,0.0,2140216185.0,465.700401
compute,pw_12,12,192,tournament,32KiB,4,None,None,256KiB,8,None,None,3.198729,0.312624,0.003283,33613812.0,10489930.0,1049060.0,3.0,2.8597029721846224e-06,4196444.0,3.0,0.9999992851090114,32552.0,1.0000357445494314,141.0,13600871.0,13600871.0,0.0,1.0,1.0,3.0,2.0,0.33333333333333337,45698.0,50.0,5.94993510405782e-05,1.0,0.0,18750.0,8072.0,329.0,4184597.0,867.0,0.0,1531038885.0,466.304164
compute,pw_8,8,192,tournament,32KiB,4,None,None,256KiB,8,None,None,3.198648,0.312632,0.003283,33613812.0,10490195.0,1049022.0,4.0,3.8130754169121335e-06,4196404.0,5.0,0.9999988085036617,30674.0,1.0000632808471235,267.0,12587274.0,12587274.0,0.0,1.0,1.0,3.0,2.0,0.33333333333333337,70738.0,53.1104,5.94993510405782e-05,3.0,0.0,20208.0,11784.0,392.0,1331.0,1333.0,0.0,1531410510.0,466.405566
compute,rob_128,4,128,tournament,32KiB,4,None,None,256KiB,8,None,None,2.285297,0.43758,0.004596,33613812.0,14682751.0,1048734.0,3.0,2.8605919136787783e-06,4195018.0,2.0,0.9999995232440004,74337.5,1.0000201824163786,100.0,21686530.0,21686530.0,0.0,1.0,1.0,2.0,1.0,0.5,141476.0,42.3328,2.97496755202891e-05,3.0,0.0,20208.0,3682.0,191.0,340.0,340.0,0.0,2140738155.0,465.813186
compute,rob_256,4,256,tournament,32KiB,4,None,None,256KiB,8,None,None,2.285297,0.43758,0.004596,33613812.0,14682750.0,1048734.0,3.0,2.8605919136787783e-06,4195018.0,2.0,0.9999995232440004,74337.5,1.0000201824163786,100.0,21643811.0,21643811.0,0.0,1.0,1.0,2.0,1.0,0.5,141476.0,42.3328,2.97496755202891e-05,3.0,0.0,20208.0,3678.0,191.0,340.0,340.0,0.0,2140461555.0,465.753031
compute,rob_64,4,64,tournament,32KiB,4,None,None,256KiB,8,None,None,2.285297,0.43758,0.004596,33613812.0,14682751.0,1048734.0,3.0,2.8605919136787783e-06,4195018.0,2.0,0.9999995232440004,74337.5,1.0000201824163786,100.0,21686535.0,21686535.0,0.0,1.0,1.0,2.0,1.0,0.5,141476.0,42.3328,2.97496755202891e-05,3.0,0.0,20208.0,3685.0,191.0,340.0,340.0,0.0,2140727115.0,465.810784
pointer,baseline,4,192,tournament,32KiB,4,None,None,256KiB,8,None,None,0.155842,6.416746,0.004212,16249631.0,13457194.0,262381.0,10.0,3.81125157690534e-05,524622.0,2.0,0.999996187731357,,1.0006020586642026,200.0,1573032.0,1507445.0,65587.0,0.9583053618743929,7.584692865356381,131081.0,131016.0,0.0004958765953876343,53867.678329,157.92661026388262,8.062706162373779,131081.0,4125.0,46250.0,1361.0,37.0,10244628.0,156.0,0.0,2646367380.0,628.277177
pointer,l1a_2,4,192,tournament,32KiB,2,None,None,256KiB,8,None,None,0.156015,6.409654,0.004207,16249631.0,13442319.0,262382.0,10.0,3.811237051322118e-05,524628.0,2.0,0.9999961877749567,,1.0006598400606355,245.0,1573034.0,1507439.0,65595.0,0.9583003291727961,8.217599437209552,131080.0,130993.0,0.0006637168141593319,53739.939569,173.0852856637168,8.061290745617546,131081.0,4103.0,50998.0,1364.0,37.0,10229682.0,156.0,0.0,2643246975.0,628.230777
pointer,l1a_8,4,192,tournament,32KiB,8,None,None,256KiB,8,None,None,0.155749,6.420601,0.004215,16249631.0,13465279.0,262373.0,10.0,3.8113677855572026e-05,524612.0,2.0,0.9999961876586887,,1.000602121795137,205.0,1573012.0,1507432.0,65580.0,0.9583092818109461,7.5846386843992315,131082.0,131029.0,0.00040432706244941663,53778.387212,157.9401595947575,8.063506180540346,131083.0,4138.0,46250.0,1299.0,37.0,10252268.0,149.0,0.0,2648805105.0,628.478334
pointer,l1p_stride,4,192,tournament,32KiB,4,None,stride,256KiB,8,None,None,0.155842,6.416746,0.004212,16249631.0,13457194.0,262381.0,10.0,3.81125157690534e-05,524622.0,2.0,0.999996187731357,,1.0006020586642026,200.0,1573032.0,1507445.0,65587.0,0.9583053618743929,7.584692865356381,131081.0,131016.0,0.0004958765953876343,53867.678329,157.92661026388262,8.062706162373779,131081.0,4125.0,46250.0,1361.0,37.0,10244628.0,156.0,0.0,2646367380.0,628.277177
pointer,l1p_tagged,4,192,tournament,32KiB,4,None,tagged,256KiB,8,None,None,0.242683,4.120609,0.002705,16249631.0,8641737.0,262325.0,9.0,3.4308586676832173e-05,524592.0,2.0,0.9999961875133437,,1.0007320609404111,221.0,1572996.0,1515570.0,57426.0,0.9634925962939511,8.0100295944947,131095.0,80388.0,0.38679583508142945,61565.613661,192.01665642778138,4.947066182610547,131099.0,4124.0,92759.0,1157.0,37.0,5470416.0,138.0,0.0,1895980680.0,700.952397
pointer,l1rp_lru,4,192,tournament,32KiB,4,lru,None,256KiB,8,None,None,0.155984,6.410923,0.004208,16249631.0,13444981.0,262371.0,10.0,3.811396838827462e-05,524606.0,2.0,0.9999961876150864,,1.000660071829801,245.0,1573014.0,1507436.0,65578.0,0.9583106062628813,8.218052486998426,131082.0,131038.0,0.0003356677499580796,53672.193142,173.13882117148046,8.064060039271046,131083.0,4103.0,50998.0,1276.0,37.0,10232390.0,147.0,0.0,2644453920.0,628.393195
pointer,l1rp_plru,4,192,tournament,32KiB,4,plru,None,256KiB,8,None,None,0.155842,6.416746,0.004212,16249631.0,13457194.0,262381.0,10.0,3.81125157690534e-05,524622.0,2.0,0.999996187731357,,1.0006020586642026,200.0,1573032.0,1507445.0,65587.0,0.9583053618743929,7.584692865356381,131081.0,131016.0,0.0004958765953876343,53867.678329,157.92661026388262,8.062706162373779,131081.0,4125.0,46250.0,1361.0,37.0,10244628.0,156.0,0.0,2646367380.0,628.277177
pointer,l1rp_random,4,192,tournament,32KiB,4,random,None,256KiB,8,None,None,0.156254,6.39985,0.004201,16249631.0,13421759.0,262387.0,10.0,3.8111644250667905e-05,524634.0,2.0,0.9999961878185554,,1.000656998471112,243.0,1573032.0,1506912.0,66120.0,0.957966525792228,8.244127461178103,131439.0,130753.0,0.005219151089098317,54364.529517,172.34186794482613,8.046521179465552,131095.0,4093.0,50998.0,1439.0,38.0,10207599.0,167.0,0.0,2645554875.0,629.742495
pointer,l1s_16KiB,4,192,tournament,16KiB,4,None,None,256KiB,8,None,None,0.155856,6.416196,0.004212,16249631.0,13456040.0,262388.0,10.0,3.811149900147872e-05,524636.0,2.0,0.9999961878330881,,1.0004921297239642,200.0,1573029.0,1507423.0,65606.0,0.9582932037489456,6.384117380139177,131081.0,130972.0,0.0008315469061115355,53741.441659,129.0944849306917,8.059998408579247,131082.0,4124.0,37248.0,1440.0,39.0,10242634.0,167.0,0.0,2646177630.0,628.286006
pointer,l1s_64KiB,4,192,tournament,64KiB,4,None,None,256KiB,8,None,None,0.155848,6.416526,0.004212,16249631.0,13456732.0,262393.0,10.0,3.81107727721395e-05,524650.0,2.0,0.9999961879348137,,1.0006021255272612,203.0,1573013.0,1507456.0,65557.0,0.9583239299357348,7.582842746723967,131081.0,131039.0,0.0003204125693273552,54354.758812,157.95257893973954,8.064121579130012,131081.0,4112.0,46250.0,1490.0,38.0,10243798.0,171.0,0.0,2644882710.0,627.946258
pointer,l2a_16,4,192,tournament,32KiB,4,None,None,256KiB,16,None,None,0.155925,6.413346,0.00421,16249631.0,13450063.0,262394.0,10.0,3.8110627529592904e-05,524652.0,2.0,0.9999961879493454,,1.0000381205065458,66.0,1573036.0,1507440.0,65596.0,0.9582997464775123,1.4170025352248774,131080.0,131014.0,0.0005035093072932595,53736.189858,10.0,8.062583082655847,131080.0,4125.0,0.0,1467.0,37.0,10237118.0,168.0,0.0,2646507585.0,628.643583
pointer,l2a_32,4,192,tournament,32KiB,4,None,None,256KiB,32,None,None,0.155957,6.412033,0.004209,16249631.0,13447309.0,262383.0,10.0,3.8112225258496166e-05,524628.0,2.0,0.9999961877749567,,1.0006019872144551,201.0,1573034.0,1507459.0,65575.0,0.9583130434561491,7.582773725017318,131081.0,131001.0,0.0006103096558616183,53733.52779,157.90967417093248,8.06178306448928,131082.0,4126.0,46250.0,1364.0,37.0,10234816.0,156.0,0.0,2641834530.0,627.662078
pointer,l2p_ampm,4,192,tournament,32KiB,4,None,None,256KiB,8,None,ampm,0.207881,4.810448,0.003158,16249631.0,10088466.0,262364.0,9.0,3.430348675885411e-05,524639.0,3.0,0.9999942817823303,,1.0007112704051815,199.0,1573013.0,1510067.0,62946.0,0.9599838017867621,5.977484097493612,131098.0,100651.0,0.23224610596652884,62260.702954,124.38673136737403,6.194048344851646,131109.0,4121.0,46559.0,1375.0,38.0,6888979.0,158.0,0.0,2122071915.0,672.03304
pointer,l2p_signature,4,192,tournament,32KiB,4,None,None,256KiB,8,None,signature,0.24054,4.157306,0.002729,16249631.0,8718699.0,262373.0,10.0,3.8113677855572026e-05,524626.0,2.0,0.9999961877604236,,1.0004075798951033,249.0,1573029.0,1504847.0,68182.0,0.956655598847828,5.634101850395793,131100.0,78993.0,0.39745995423340963,64429.201967,106.91350502517162,4.861218079352079,131114.0,4124.0,50263.0,1368.0,38.0,5493426.0,158.0,0.0,1907266095.0,698.900364
pointer,l2p_stride,4,192,tournament,32KiB,4,None,None,256KiB,8,None,stride,0.155842,6.416746,0.004212,16249631.0,13457194.0,262381.0,10.0,3.81125157690534e-05,524622.0,2.0,0.999996187731357,,1.0006020586642026,200.0,1573032.0,1507445.0,65587.0,0.9583053618743929,7.584692865356381,131081.0,131016.0,0.0004958765953876343,53867.678329,157.92661026388262,8.062706162373779,131081.0,4125.0,46250.0,1361.0,37.0,10244628.0,156.0,0.0,2646367380.0,628.277177
pointer,l2p_tagged,4,192,tournament,32KiB,4,None,None,256KiB,8,None,tagged,0.242173,4.129288,0.002711,16249631.0,8659938.0,262337.0,9.0,3.4307017309796177e-05,524605.0,3.0,0.9999942814117289,,1.000800313138934,277.0,1573017.0,1505453.0,67564.0,0.9570481437899272,7.0110875685865,131114.0,72632.0,0.4460393245572555,75589.464809,139.94942475098009,4.469763036465259,131157.0,4123.0,73307.0,1201.0,37.0,5437741.0,144.0,0.0,1903529775.0,702.26424
pointer,l2s_1MB,4,192,tournament,32KiB,4,None,None,1MB,8,None,None,0.152599,6.553108,0.004302,16249631.0,13743171.0,262381.0,10.0,3.81125157690534e-05,524622.0,2.0,0.999996187731357,,1.0006021748798397,199.0,1573017.0,1507434.0,65583.0,0.9583075071661654,7.585625047333159,131080.0,131042.0,0.00028989929813849624,54505.574198,157.95709490387551,8.064306198706912,131080.0,16413.0,46250.0,1381.0,38.0,10530593.0,160.0,0.0,2727819840.0,634.138901
pointer,l2s_4MB,4,192,tournament,32KiB,4,None,None,4MB,8,None,None,0.561379,1.781329,0.001169,16249631.0,3735802.0,262305.0,9.0,3.43112026076514e-05,524547.0,2.0,0.9999961871862769,,1.0000381372123115,18.0,1573000.0,1507440.0,65560.0,0.9583216783216784,1.416882417573272,131084.0,3.0,0.9999771139116902,19823.333333,10.00238015318422,0.00018461957689993084,2.0,0.0,32500.0,1072.0,33.0,524280.0,120.0,0.0,545466195.0,466.487115
pointer,pred_bimodal,4,192,bimodal,32KiB,4,None,None,256KiB,8,None,None,0.155769,6.419746,0.004214,16249631.0,13463484.0,262905.0,88.0,0.0003347216675224891,525091.0,20.0,0.999961911363935,74760.05,1.0067610731646586,389.0,1573249.0,1507641.0,65608.0,0.9582977646895056,8.402519312655437,131109.0,131092.0,0.00012966310474493703,53735.196366,177.50893345500307,8.067383191655244,131110.0,4124.0,52353.33,3681.0,49.0,10249693.0,565.0,0.0,2645738085.0,627.834321
pointer,pred_local,4,192,local,32KiB,4,None,None,256KiB,8,None,None,0.155976,6.411234,0.004208,16249631.0,13445633.0,262356.0,14.0,5.336260653463233e-05,524635.0,4.0,0.9999923756516436,116983.75,1.001560341472583,410.0,1573020.0,1507426.0,65594.0,0.958300593762317,9.533885112923016,131084.0,130996.0,0.0006713252570870187,53709.118668,204.65243711818377,8.061475365194447,131086.0,4126.0,60869.75,1285.0,36.0,10233301.0,152.0,0.0,2645231745.0,628.547546
pointer,pred_none,4,192,none,32KiB,4,None,None,256KiB,8,None,None,0.155842,6.416746,0.004212,16249631.0,13457194.0,262381.0,10.0,3.81125157690534e-05,524622.0,2.0,0.999996187731357,,1.0006020586642026,200.0,1573032.0,1507445.0,65587.0,0.9583053618743929,7.584692865356381,131081.0,131016.0,0.0004958765953876343,53867.678329,157.92661026388262,8.062706162373779,131081.0,4125.0,46250.0,1361.0,37.0,10244628.0,156.0,0.0,2646367380.0,628.277177
pointer,pred_perceptron,4,192,perceptron,32KiB,4,None,None,256KiB,8,None,None,0.155863,6.41587,0.004212,16249631.0,13455357.0,262426.0,19.0,7.24013626698574e-05,524672.0,16.0,0.9999695047572579,77271.875,1.0054675458895528,384.0,1573043.0,1507438.0,65605.0,0.95829421064777,8.477504575766424,131103.0,131069.0,0.00025933807769462636,53729.528516,179.2917648102637,8.065967774899011,131104.0,4127.0,52917.4,1558.0,43.0,10242458.0,184.0,0.0,2648040765.0,628.760288
pointer,pred_tage,4,192,tage,32KiB,4,None,None,256KiB,8,None,None,0.155907,6.414089,0.00421,16249631.0,13451622.0,262371.0,15.0,5.717095258241193e-05,524673.0,7.0,0.9999866583567288,59067.571429,1.0024808802112453,239.0,1573033.0,1507459.0,65574.0,0.9583136526697151,8.751581425832885,131086.0,131056.0,0.00022885739133082783,53690.588794,185.95012329615673,8.065167756732444,131087.0,4126.0,54997.0,1453.0,39.0,10239291.0,166.0,0.0,2648318640.0,629.000868
pointer,pw_12,12,192,tournament,32KiB,4,None,None,256KiB,8,None,None,0.155875,6.415397,0.004211,16249631.0,13454365.0,262440.0,10.0,3.8103947568968146e-05,524699.0,5.0,0.9999904707270264,53773.4,1.0020666481641605,219.0,1573022.0,1507450.0,65572.0,0.9583146325989084,10.040457572211684,131082.0,131030.0,0.00039669824995036684,53742.047356,216.873645018538,8.063567720399313,131082.0,4126.0,64673.67,1359.0,34.0,10241750.0,165.0,0.0,2651656305.0,629.665197
pointer,pw_8,8,192,tournament,32KiB,4,None,None,256KiB,8,None,None,0.155718,6.421861,0.004215,16249631.0,13467921.0,262434.0,11.0,4.1915300608915006e-05,524701.0,6.0,0.9999885649160188,64321.5,1.0021834584765446,222.0,1573045.0,1507459.0,65586.0,0.9583063421580438,8.961145784601257,131084.0,131063.0,0.00016020261816851455,53767.519361,190.9438076836227,8.065598535745211,131085.0,4125.0,56554.0,1547.0,39.0,10254940.0,184.0,0.0,2650926240.0,628.858226
pointer,rob_128,4,128,tournament,32KiB,4,None,None,256KiB,8,None,None,0.155844,6.41668,0.004212,16249631.0,13457055.0,262353.0,9.0,3.430492504373878e-05,524605.0,3.0,0.9999942814117289,,1.000908853505526,195.0,1573012.0,1507432.0,65580.0,0.9583092818109461,7.6258932410343165,131085.0,131033.0,0.0003966891711485454,53867.244274,158.92969775641757,8.063752339976212,131086.0,4125.0,46559.0,1250.0,36.0,10244698.0,143.0,0.0,2645745495.0,628.136023
pointer,rob_256,4,256,tournament,32KiB,4,None,None,256KiB,8,None,None,0.155862,6.415927,0.004212,16249631.0,13455475.0,262381.0,10.0,3.81125157690534e-05,524624.0,2.0,0.9999961877458904,,1.0006018971094275,200.0,1573034.0,1507428.0,65606.0,0.9582933363169518,7.584849695978731,131081.0,130979.0,0.0007781448112236244,53956.364028,157.8848345679389,8.060429187592014,131082.0,4125.0,46250.0,1339.0,37.0,10242841.0,155.0,0.0,2646048330.0,628.281687
pointer,rob_64,4,64,tournament,32KiB,4,None,None,256KiB,8,None,None,0.155884,6.415033,0.004211,16249631.0,13453600.0,262319.0,9.0,3.4309371414194166e-05,524564.0,3.0,0.9999942809647632,39438.0,1.0008499512798055,189.0,1572996.0,1507424.0,65572.0,0.9583139435828191,7.195296153039896,131082.0,131044.0,0.00028989487496378086,53697.631139,148.6179477146824,8.064429278424845,131083.0,4125.0,43330.67,903.0,36.0,11273928.0,101.0,0.0,2648941590.0,629.056325
stream,baseline,4,192,tournament,32KiB,4,None,None,256KiB,8,None,None,1.328764,0.752579,0.021242,112260013.0,67865739.0,9440966.0,1.0,1.0592136440275286e-07,16784816.0,4.0,0.9999997616893745,94604.25,1.0000305620454297,1180.0,34499582.0,34286721.0,212861.0,0.9938300411871657,1.7912637599641705,393226.0,201033.0,0.48875964458097887,95766.91863,128.24457730872325,1.7907801239966006,393232.0,133671.0,72278.0,32862.0,1269.0,424142.0,3823.0,0.0,13184218785.0,620.668181
stream,l1a_2,4,192,tournament,32KiB,2,None,None,256KiB,8,None,None,1.33434,0.749434,0.021153,112260013.0,67582155.0,9440925.0,2.0,2.1184364879500685e-07,16784753.0,5.0,0.9999997021106,91020.4,1.0000331846926767,1115.0,34506925.0,34291076.0,215849.0,0.9937447628265921,1.6968295051582079,393224.0,200074.0,0.4911958578316684,95003.709607,111.39937397106993,1.782237456181303,393227.0,133670.0,62278.0,32444.0,1265.0,330520.0,3791.0,0.0,13148897505.0,621.602806
stream,l1a_8,4,192,tournament,32KiB,8,None,None,256KiB,8,None,None,1.337451,0.747691,0.021104,112260013.0,67424933.0,9440840.0,1.0,1.0592277805788467e-07,16784644.0,4.0,0.9999997616869324,78171.75,1.000029605541808,1182.0,34482507.0,34275539.0,206968.0,0.9939978842025611,1.7456405641427977,393224.0,194206.0,0.5061186499298109,94326.469038,124.229619905194,1.7299659496743511,393230.0,133683.0,72278.0,32260.0,1262.0,166099.0,3786.0,0.0,13103027895.0,620.878762
stream,l1p_stride,4,192,tournament,32KiB,4,None,stride,256KiB,8,None,None,1.328764,0.752579,0.021242,112260013.0,67865739.0,9440966.0,1.0,1.0592136440275286e-07,16784816.0,4.0,0.9999997616893745,94604.25,1.0000305620454297,1180.0,34499582.0,34286721.0,212861.0,0.9938300411871657,1.7912637599641705,393226.0,201033.0,0.48875964458097887,95766.91863,128.24457730872325,1.7907801239966006,393232.0,133671.0,72278.0,32862.0,1269.0,424142.0,3823.0,0.0,13184218785.0,620.668181
stream,l1p_tagged,4,192,tournament,32KiB,4,None,tagged,256KiB,8,None,None,1.499467,0.666904,0.018824,112260013.0,60139746.0,9440896.0,2.0,2.1184429952411297e-07,16784741.0,2.0,0.9999998808441548,248678.5,1.0000122142683994,1145.0,34538232.0,34387954.0,150278.0,0.9956489376757907,1.446012891477767,393229.0,171690.0,0.5633841858052178,93266.373627,102.5066657850769,1.5293958677877582,393248.0,133687.0,66210.0,32537.0,1260.0,616198.0,3838.0,0.0,11828166570.0,628.364303
stream,l1rp_lru,4,192,tournament,32KiB,4,lru,None,256KiB,8,None,None,1.326052,0.754118,0.021285,112260013.0,68004533.0,9440958.0,1.0,1.059214541575124e-07,16784825.0,4.0,0.9999997616895022,94604.25,1.000030585646173,1192.0,34497663.0,34284729.0,212934.0,0.9938275818857643,1.7921908528284587,393227.0,201202.0,0.4883311674935852,95449.729198,128.34367960287568,1.792285557636627,393233.0,133674.0,72278.0,32866.0,1266.0,611312.0,3809.0,0.0,13184562105.0,619.417556
stream,l1rp_plru,4,192,tournament,32KiB,4,plru,None,256KiB,8,None,None,1.328764,0.752579,0.021242,112260013.0,67865739.0,9440966.0,1.0,1.0592136440275286e-07,16784816.0,4.0,0.9999997616893745,94604.25,1.0000305620454297,1180.0,34499582.0,34286721.0,212861.0,0.9938300411871657,1.7912637599641705,393226.0,201033.0,0.48875964458097887,95766.91863,128.24457730872325,1.7907801239966006,393232.0,133671.0,72278.0,32862.0,1269.0,424142.0,3823.0,0.0,13184218785.0,620.668181
stream,l1rp_random,4,192,tournament,32KiB,4,random,None,256KiB,8,None,None,1.298764,0.769963,0.021733,112260013.0,69433353.0,9440950.0,2.0,2.1184308782484815e-07,16784828.0,3.0,0.9999998212671587,75746.0,1.0000149286282087,1078.0,34440321.0,34161237.0,279084.0,0.99189659120773,1.6768357521744877,442398.0,209369.0,0.5267406272180254,81682.131944,83.52481894041112,1.8650363063827544,393230.0,133711.0,48549.5,33286.0,1261.0,451875.0,3931.0,0.0,13536471960.0,622.863687
stream,l1s_16KiB,4,192,tournament,16KiB,4,None,None,256KiB,8,None,None,1.3423,0.74499,0.021028,112260013.0,67181373.0,9440774.0,1.0,1.059235185589656e-07,16784570.0,4.0,0.9999997616858818,97499.5,1.0000260767546965,1065.0,34465202.0,34266453.0,198749.0,0.9942333429526976,1.6309978710714006,395357.0,199872.0,0.4944518498471002,82837.376661,109.42177866578307,1.7804380621263602,393233.0,133689.0,61456.67,32559.0,1258.0,49843.0,3814.0,0.0,12856917030.0,611.425614
stream,l1s_64KiB,4,192,tournament,64KiB,4,None,None,256KiB,8,None,None,1.329179,0.752344,0.021235,112260013.0,67844544.0,9440955.0,2.0,2.1184297563117292e-07,16784812.0,5.0,0.9999997021116471,91020.4,1.0000333659012803,1132.0,34503601.0,34288659.0,214942.0,0.9937704473222955,1.6977602100250784,393220.0,201273.0,0.4881414983978435,94667.700457,112.00807604089313,1.7929180179232653,393223.0,133666.0,62278.0,32764.0,1275.0,585508.0,3856.0,0.0,13177215705.0,620.532296
stream,l2a_16,4,192,tournament,32KiB,4,None,None,256KiB,16,None,None,1.33331,0.750013,0.02117,112260013.0,67634343.0,9440822.0,1.0,1.0592298001169813e-07,16784619.0,2.0,0.9999998808432887,122539.5,1.0000119406949377,1131.0,34482059.0,34274392.0,207667.0,0.9939775348102038,1.603511282199722,393224.0,192847.0,0.5095746953390434,92549.448164,100.21000756006754,1.7178601253146122,393228.0,133738.0,57482.0,31966.0,1260.0,132966.0,3761.0,0.0,13130045145.0,620.232624
stream,l2a_32,4,192,tournament,32KiB,4,None,None,256KiB,32,None,None,1.325673,0.754334,0.021292,112260013.0,68023967.0,9440882.0,1.0,1.0592230683531475e-07,16784668.0,4.0,0.9999997616872732,118783.5,1.000028916640817,1158.0,34493876.0,34281370.0,212506.0,0.9938393122303797,1.747532025798208,393225.0,198444.0,0.4953423612435629,94200.581706,121.33905397453364,1.7677175932627052,393229.0,133737.0,68944.67,32197.0,1254.0,444328.0,3732.0,0.0,13256101410.0,622.600586
stream,l2p_ampm,4,192,tournament,32KiB,4,None,None,256KiB,8,None,ampm,1.40395,0.712276,0.020104,112260013.0,64231297.0,9440921.0,38.0,4.025031032459651e-06,16784787.0,3.0,0.999999821266722,101412.0,1.0000153029661885,845.0,34500748.0,34299823.0,200925.0,0.9941762132229712,1.4986268542536507,393223.0,162270.0,0.5873333960627939,95800.494115,85.61900930515255,1.4454835311661687,393236.0,133676.0,57264.0,32620.0,1265.0,316636.0,3881.0,0.0,12486171465.0,621.06673
stream,l2p_signature,4,192,tournament,32KiB,4,None,None,256KiB,8,None,signature,1.430544,0.699035,0.019731,112260013.0,63037241.0,9440907.0,2.0,2.1184405269536074e-07,16784752.0,5.0,0.9999997021105823,83758.8,1.0000358284557527,1131.0,34508048.0,34309358.0,198690.0,0.9942422127151325,1.6925141167152806,393228.0,209572.0,0.46704710753049117,88990.034489,120.27434888665101,1.8668446083290584,393233.0,133681.0,64660.0,32693.0,1266.0,273059.0,3863.0,0.0,12290787030.0,622.92844
stream,l2p_stride,4,192,tournament,32KiB,4,None,None,256KiB,8,None,stride,1.328764,0.752579,0.021242,112260013.0,67865739.0,9440966.0,1.0,1.0592136440275286e-07,16784816.0,4.0,0.9999997616893745,94604.25,1.0000305620454297,1180.0,34499582.0,34286721.0,212861.0,0.9938300411871657,1.7912637599641705,393226.0,201033.0,0.48875964458097887,95766.91863,128.24457730872325,1.7907801239966006,393232.0,133671.0,72278.0,32862.0,1269.0,424142.0,3823.0,0.0,13184218785.0,620.668181
stream,l2p_tagged,4,192,tournament,32KiB,4,None,None,256KiB,8,None,tagged,1.440257,0.694321,0.019598,112260013.0,62612141.0,9440810.0,2.0,2.118462292960032e-07,16784653.0,5.0,0.9999997021088253,82945.0,1.0000353665705999,1183.0,34488244.0,34284228.0,204016.0,0.994084477017734,1.7023093630719706,393231.0,204447.0,0.4800842253026847,93540.380847,118.72312307422355,1.821191665103406,393237.0,133674.0,65349.0,32282.0,1275.0,53797.0,3830.0,0.0,12209849190.0,623.027774
stream,l2s_1MB,4,192,tournament,32KiB,4,None,None,1MB,8,None,None,1.361287,0.734599,0.020734,112260013.0,66244325.0,9440813.0,1.0,1.0592308098889364e-07,16784656.0,2.0,0.9999998808435514,74181.0,1.0000125510442608,1151.0,34472955.0,34270262.0,202693.0,0.9941202313523746,1.6193306145715693,393228.0,187491.0,0.5232002807531508,92139.930375,105.33248018554121,1.6701494591845452,393238.0,141351.0,62482.0,32383.0,1265.0,45386.0,3857.0,0.0,12694188540.0,612.226223
stream,l2s_4MB,4,192,tournament,32KiB,4,None,None,4MB,8,None,None,1.325305,0.754543,0.021297,112260013.0,68042866.0,9440945.0,38.0,4.025020800354202e-06,16784784.0,4.0,0.9999997616889201,49845.25,1.000026675208078,835.0,34505530.0,34288066.0,217464.0,0.9936977058459905,1.7054435237277694,393226.0,198498.0,0.49520631901247625,96761.002408,111.93440142411742,1.7681986193962047,393232.0,172071.0,63104.0,32423.0,1267.0,162809.0,3766.0,0.0,13208712480.0,620.202555
stream,pred_bimodal,4,192,bimodal,32KiB,4,None,None,256KiB,8,None,None,1.335031,0.749046,0.021142,112260013.0,67547175.0,9440965.0,41.0,4.342776400505669e-06,16784825.0,10.0,0.9999994042237557,67295.0,1.0000516815376514,1017.0,34508603.0,34292002.0,216601.0,0.9937232753235475,1.5444842518925714,393223.0,200127.0,0.49105978032821074,94686.604236,86.74655651780287,1.7827095744234414,393223.0,133675.0,47124.0,32570.0,1269.0,257429.0,3765.0,0.0,13145185530.0,621.749138
stream,pred_local,4,192,local,32KiB,4,None,None,256KiB,8,None,None,1.330899,0.751372,0.021208,112260013.0,67756854.0,9440932.0,2.0,2.1184349172306293e-07,16784770.0,3.0,0.9999998212665411,103603.0,1.0000281827211215,1071.0,34503596.0,34289019.0,214577.0,0.9937810250270726,1.9806089938643854,393222.0,200718.0,0.4895555182568625,94644.306535,157.68016403558298,1.7879741382178533,393225.0,133666.0,90411.5,32364.0,1269.0,347196.0,3755.0,0.0,13171071675.0,621.045676
stream,pred_none,4,192,none,32KiB,4,None,None,256KiB,8,None,None,1.328764,0.752579,0.021242,112260013.0,67865739.0,9440966.0,1.0,1.0592136440275286e-07,16784816.0,4.0,0.9999997616893745,94604.25,1.0000305620454297,1180.0,34499582.0,34286721.0,212861.0,0.9938300411871657,1.7912637599641705,393226.0,201033.0,0.48875964458097887,95766.91863,128.24457730872325,1.7907801239966006,393232.0,133671.0,72278.0,32862.0,1269.0,424142.0,3823.0,0.0,13184218785.0,620.668181
stream,pred_perceptron,4,192,perceptron,32KiB,4,None,None,256KiB,8,None,None,1.327708,0.753178,0.021259,112260013.0,67919721.0,9440973.0,45.0,4.766457864035836e-06,16784809.0,10.0,0.9999994042231878,91020.4,1.000076645685054,1033.0,34501446.0,34288136.0,213310.0,0.99381736058251,1.7953861645455613,393224.0,200785.0,0.48938772811425546,95445.471445,128.64831843427666,1.788570966939047,393228.0,133671.0,72614.0,32688.0,1270.0,524407.0,3813.0,0.0,13186264125.0,620.27109
stream,pred_tage,4,192,tage,32KiB,4,None,None,256KiB,8,None,None,1.330387,0.751661,0.021216,112260013.0,67782957.0,9441001.0,46.0,4.872364699463542e-06,16784889.0,10.0,0.9999994042260274,162822.6,1.0001337031053017,1027.0,34504782.0,34289830.0,214952.0,0.9937703707271647,2.398048281669118,393224.0,200721.0,0.4895504852196204,94570.778573,224.41917816287918,1.7880008618919365,393228.0,133667.0,131268.6,33284.0,1274.0,370538.0,3914.0,0.0,13177038075.0,621.087734
stream,pw_12,12,192,tournament,32KiB,4,None,None,256KiB,8,None,None,1.366523,0.731784,0.020655,112260013.0,65990491.0,9444359.0,26.0,2.7529660827166777e-06,16790797.0,2.0,0.9999998808871312,143980.0,1.0000137269329048,847.0,34335109.0,34118026.0,217083.0,0.9936775211635414,1.7286218832714555,393221.0,198985.0,0.4939614110131453,94691.321798,115.24307192138772,1.7725367624890618,393221.0,133667.0,64992.0,46425.0,1386.0,13586327.0,5727.0,0.0,12910469115.0,625.052254
stream,pw_8,8,192,tournament,32KiB,4,None,None,256KiB,8,None,None,1.371651,0.729048,0.020578,112260013.0,65743781.0,9443149.0,1.0,1.0589687825533622e-07,16788710.0,3.0,0.9999998213084865,75641.666667,1.000015457013132,1027.0,34349243.0,34131182.0,218061.0,0.9936516504890661,1.5491392391815744,393221.0,197044.0,0.4988975665084011,93797.760566,86.50110367045505,1.755246545357161,393221.0,133675.0,47708.0,52684.0,1353.0,446339.0,6355.0,0.0,12874611210.0,625.655272
stream,rob_128,4,128,tournament,32KiB,4,None,None,256KiB,8,None,None,1.325208,0.754598,0.021299,112260013.0,68047837.0,9440997.0,2.0,2.1184203320899266e-07,16784903.0,5.0,0.9999997021132622,91020.4,1.000033358319147,1151.0,34492000.0,34278447.0,213553.0,0.9938086222892265,1.693330475665785,393222.0,201225.0,0.48826617025497043,95041.962256,111.98323023635504,1.7924904391379324,393225.0,133671.0,62278.0,32973.0,1284.0,480308.0,3891.0,0.0,13212768435.0,620.347678
stream,rob_256,4,256,tournament,32KiB,4,None,None,256KiB,8,None,None,1.334999,0.749064,0.021143,112260013.0,67548795.0,9440930.0,1.0,1.0592176830036872e-07,16784806.0,4.0,0.9999997616892325,118783.5,1.0000290840712955,1186.0,34505950.0,34288573.0,217377.0,0.9937003038606386,1.768831444823412,393225.0,199698.0,0.4921533473202365,94289.252061,122.0426236147549,1.7788880890295282,393229.0,133671.0,68944.67,32708.0,1276.0,242442.0,3818.0,0.0,13141410570.0,621.555681
stream,rob_64,4,64,tournament,32KiB,4,None,None,256KiB,8,None,None,1.33029,0.751716,0.021218,112260013.0,67787903.0,9439863.0,2.0,2.1186748155137422e-07,16782718.0,3.0,0.9999998212446876,61974.0,1.0000099176466255,850.0,36351179.0,36152468.0,198711.0,0.9945335748257299,1.3032865006516767,393223.0,200199.0,0.4908766781190317,95954.570298,55.48168885201527,1.783350942601441,393223.0,133676.0,27916.67,19200.0,1036.0,15093849.0,2087.0,0.0,13177735935.0,621.075308
